,count,starttime
0,3,2022-12-30 00:00:00
1,1,2022-09-19 00:00:00
2,2,2023-02-19 00:00:00
3,3,2023-01-24 00:00:00
4,4,2023-01-30 00:00:00
5,29,2020-04-25 00:00:00
6,20,2020-05-27 00:00:00
7,11,2020-06-17 00:00:00
8,8,2019-10-22 00:00:00
9,23,2020-04-27 00:00:00
10,40,2020-04-28 00:00:00
11,21,2019-11-09 00:00:00
12,29,2020-05-01 00:00:00
13,44,2020-05-06 00:00:00
14,35,2020-05-07 00:00:00
15,11,2019-10-27 00:00:00
16,32,2020-05-12 00:00:00
17,10,2019-10-30 00:00:00
18,28,2020-05-21 00:00:00
19,15,2020-06-05 00:00:00
20,8,2020-06-10 00:00:00
21,15,2020-06-18 00:00:00
22,31,2020-06-21 00:00:00
23,40,2020-06-19 00:00:00
24,7,2021-10-19 00:00:00
25,5,2019-11-18 00:00:00
26,12,2020-10-01 00:00:00
27,9,2020-10-18 00:00:00
28,10,2020-12-25 00:00:00
29,2,2021-01-16 00:00:00
30,5,2022-02-11 00:00:00
31,2,2021-02-20 00:00:00
32,5,2021-03-20 00:00:00
33,4,2021-04-08 00:00:00
34,2,2021-04-17 00:00:00
35,15,2021-04-26 00:00:00
36,4,2021-05-08 00:00:00
37,10,2021-05-03 00:00:00
38,5,2021-05-30 00:00:00
39,16,2021-05-28 00:00:00
40,7,2021-06-01 00:00:00
41,15,2019-12-05 00:00:00
42,12,2021-07-15 00:00:00
43,12,2021-07-23 00:00:00
44,11,2021-07-29 00:00:00
45,16,2021-06-30 00:00:00
46,4,2021-08-05 00:00:00
47,8,2021-08-04 00:00:00
48,5,2021-08-26 00:00:00
49,8,2019-12-26 00:00:00
50,7,2021-09-22 00:00:00
51,4,2021-10-13 00:00:00
52,12,2021-11-27 00:00:00
53,16,2020-01-27 00:00:00
54,3,2022-02-13 00:00:00
55,3,2022-01-07 00:00:00
56,2,2021-12-23 00:00:00
57,6,2021-12-30 00:00:00
58,7,2022-01-20 00:00:00
59,4,2022-01-15 00:00:00
60,3,2022-02-16 00:00:00
61,6,2019-09-25 00:00:00
62,3,2022-02-15 00:00:00
63,9,2020-02-01 00:00:00
64,16,2020-04-04 00:00:00
65,1,2020-02-27 01:00:00
66,4,2019-09-18 00:00:00
67,1,2019-06-15 00:00:00
68,4,2020-09-01 00:00:00
69,5,2019-09-13 00:00:00
70,6,2019-10-21 00:00:00
71,45,2020-03-26 00:00:00
72,38,2020-03-28 00:00:00
73,34,2020-03-31 00:00:00
74,51,2020-04-09 00:00:00
75,14,2020-04-13 00:00:00
76,9,2020-05-30 00:00:00
77,29,2020-05-09 00:00:00
78,2,2019-09-17 00:00:00
79,12,2020-06-09 00:00:00
80,6,2020-06-12 00:00:00
81,5,2020-06-13 00:00:00
82,32,2020-04-30 00:00:00
83,40,2020-04-16 00:00:00
84,49,2020-04-23 00:00:00
85,39,2020-04-22 00:00:00
86,24,2020-04-18 00:00:00
87,1,2022-03-28 00:00:00
88,1,2022-05-03 00:00:00
89,7,2021-03-05 00:00:00
90,6,2021-04-22 00:00:00
91,5,2021-05-09 00:00:00
92,9,2021-05-14 00:00:00
93,8,2021-06-12 00:00:00
94,7,2021-07-26 00:00:00
95,7,2021-10-04 00:00:00
96,2,2021-12-31 00:00:00
97,2,2019-11-04 00:00:00
98,12,2020-05-23 00:00:00
99,4,2020-08-20 00:00:00
100,2,2020-08-30 00:00:00
101,2,2020-07-17 00:00:00
102,3,2020-09-07 00:00:00
103,3,2021-05-23 00:00:00
104,4,2021-03-18 00:00:00
105,7,2021-07-18 00:00:00
106,5,2021-08-03 00:00:00
107,12,2021-07-16 00:00:00
108,7,2021-06-03 00:00:00
109,5,2021-08-20 00:00:00
110,2,2022-01-09 00:00:00
111,8,2022-02-01 00:00:00
112,2,2022-02-20 00:00:00
113,4,2021-09-20 00:00:00
114,13,2021-11-12 00:00:00
115,12,2021-12-02 00:00:00
116,1,2015-05-01 00:00:00
117,1,2022-04-25 12:04:00
118,6,2020-10-04 00:00:00
119,7,2020-10-25 00:00:00
120,17,2020-10-02 00:00:00
121,6,2020-11-19 00:00:00
122,2,2020-10-13 00:00:00
123,2,2020-11-15 00:00:00
124,10,2021-01-31 00:00:00
125,1,2021-04-04 00:00:00
126,1,2021-04-25 00:00:00
127,8,2019-12-30 00:00:00
128,10,2020-01-04 00:00:00
129,7,2020-01-19 00:00:00
130,10,2020-01-20 00:00:00
131,7,2021-11-17 00:00:00
132,12,2019-11-25 00:00:00
133,1,2017-10-21 00:00:00
134,1,2020-08-14 00:00:00
135,1,2020-08-23 00:00:00
136,1,2020-08-19 00:00:00
137,1,2020-11-21 00:00:00
138,2,2020-11-24 00:00:00
139,6,2021-11-29 00:00:00
140,7,2022-12-05 00:00:00
141,5,2022-09-13 00:00:00
142,3,2020-09-08 00:00:00
143,8,2020-09-21 00:00:00
144,2,2020-11-16 00:00:00
145,8,2022-06-27 00:00:00
146,5,2022-07-10 00:00:00
147,7,2022-07-31 00:00:00
148,4,2022-08-20 00:00:00
149,5,2022-08-05 00:00:00
150,2,2022-08-19 00:00:00
151,6,2022-07-14 00:00:00
152,4,2021-09-13 00:00:00
153,1,2022-10-07 12:10:00
154,2,2021-03-30 00:00:00
155,4,2021-04-01 00:00:00
156,8,2019-12-09 00:00:00
157,5,2019-11-05 00:00:00
158,4,2022-08-01 00:00:00
159,4,2022-08-03 00:00:00
160,1,2022-08-04 00:00:00
161,4,2021-12-20 00:00:00
162,2,2020-02-10 00:00:00
163,12,2020-09-11 00:00:00
164,7,2020-09-15 00:00:00
165,5,2019-11-12 00:00:00
166,2,2020-09-26 12:09:00
167,4,2020-12-29 00:00:00
168,4,2022-09-05 00:00:00
169,4,2022-01-12 00:00:00
170,5,2020-10-07 00:00:00
171,1,2019-07-25 00:00:00
172,1,2019-09-09 00:00:00
173,9,2022-09-14 00:00:00
174,4,2022-12-24 00:00:00
175,2,2022-01-01 00:00:00
176,1,2021-04-03 00:00:00
177,2,2020-11-29 00:00:00
178,1,2020-12-06 00:00:00
179,3,2020-10-19 00:00:00
180,3,2020-09-14 00:00:00
181,3,2021-01-17 00:00:00
182,2,2021-02-27 00:00:00
183,3,2021-03-29 00:00:00
184,1,2021-12-28 00:00:00
185,1,2019-06-05 00:00:00
186,1,2020-07-18 00:00:00
187,4,2019-10-08 00:00:00
188,1,2020-12-24 00:00:00
189,1,2010-10-07 00:00:00
190,1,2021-11-15 00:00:00
191,1,2021-11-18 12:11:00
192,2,2018-10-16 00:00:00
193,1,2015-10-11 00:00:00
194,1,2020-07-16 00:00:00
195,1,2020-07-15 00:00:00
196,1,2020-06-25 00:00:00
197,1,2020-08-27 00:00:00
198,1,2021-05-02 00:00:00
199,1,2019-06-14 00:00:00
200,1,2022-02-08 00:00:00
201,1,2020-06-26 00:00:00
202,3,2022-11-02 00:00:00
203,6,2022-09-28 00:00:00
204,1,2022-09-26 00:00:00
205,2,2023-01-04 00:00:00
206,4,2023-01-21 00:00:00
207,5,2023-01-25 00:00:00
208,5,2022-12-31 00:00:00
209,5,2022-07-25 00:00:00
210,23,2022-08-07 00:00:00
211,8,2022-05-27 00:00:00
212,8,2022-06-15 00:00:00
213,33,2022-06-19 00:00:00
214,15,2022-07-03 00:00:00
215,8,2022-07-09 00:00:00
216,259,2022-09-25 00:00:00
217,234,2022-04-18 00:00:00
218,241,2022-04-25 00:00:00
219,17,2022-04-13 00:00:00
220,38,2022-05-07 00:00:00
221,11,2022-05-11 00:00:00
222,12,2022-05-08 00:00:00
223,8,2022-05-29 00:00:00
224,13,2022-06-16 00:00:00
225,25,2022-06-10 00:00:00
226,3,2022-06-13 00:00:00
227,6,2022-09-29 00:00:00
228,34,2022-10-02 00:00:00
229,8,2022-06-14 00:00:00
230,10,2022-04-07 00:00:00
231,7,2022-04-15 00:00:00
232,15,2022-04-23 00:00:00
233,14,2022-09-30 00:00:00
234,5,2022-04-05 00:00:00
235,7,2022-07-28 00:00:00
236,264,2022-12-26 00:00:00
237,256,2023-01-02 00:00:00
238,7,2022-12-14 00:00:00
239,16,2022-12-20 00:00:00
240,6,2022-08-27 00:00:00
241,27,2022-09-04 00:00:00
242,195,2022-08-15 00:00:00
243,19,2022-11-06 00:00:00
244,11,2022-11-03 00:00:00
245,21,2022-11-05 00:00:00
246,7,2022-10-25 00:00:00
247,8,2022-10-23 00:00:00
248,20,2020-10-17 00:00:00
249,4,2020-09-06 00:00:00
250,6,2022-02-23 00:00:00
251,14,2022-03-17 00:00:00
252,5,2020-11-04 00:00:00
253,9,2022-02-26 00:00:00
254,16,2022-03-26 00:00:00
255,6,2022-04-01 00:00:00
256,14,2020-09-10 00:00:00
257,61,2020-12-03 00:00:00
258,2,2020-11-02 00:00:00
259,5,2020-10-23 00:00:00
260,5,2020-11-06 00:00:00
261,9,2022-05-15 00:00:00
262,146,2020-10-11 00:00:00
263,7,2020-10-09 00:00:00
264,12,2020-10-22 00:00:00
265,2,2020-12-04 00:00:00
266,860,2020-09-26 00:00:00
267,8,2022-03-10 00:00:00
268,4,2022-03-06 00:00:00
269,12,2022-05-26 00:00:00
270,5,2022-08-10 00:00:00
271,2,2022-08-24 00:00:00
272,8,2022-12-19 00:00:00
273,8,2022-10-16 00:00:00
274,18,2022-11-11 00:00:00
275,6,2022-11-21 00:00:00
276,12,2022-11-26 00:00:00
277,29,2022-12-01 00:00:00
278,7,2022-04-20 00:00:00
279,23,2022-10-01 00:00:00
280,15,2022-09-17 00:00:00
281,19,2022-10-14 00:00:00
282,14,2022-10-19 00:00:00
283,12,2022-12-08 00:00:00
284,1,2021-01-22 00:00:00
285,6,2021-01-21 00:00:00
286,22,2019-11-28 00:00:00
287,68,2021-02-01 00:00:00
288,10,2021-02-09 00:00:00
289,3,2021-02-16 00:00:00
290,2,2021-02-25 00:00:00
291,4,2021-03-02 00:00:00
292,11,2021-03-08 00:00:00
293,3,2021-03-04 00:00:00
294,4,2022-10-24 00:00:00
295,9,2022-10-27 00:00:00
296,8,2022-10-13 00:00:00
297,12,2022-12-02 00:00:00
298,9,2022-09-09 00:00:00
299,3,2022-03-23 00:00:00
300,2,2022-08-22 00:00:00
301,5,2022-07-24 00:00:00
302,2,2022-11-28 00:00:00
303,7,2022-11-29 00:00:00
304,5,2022-09-11 00:00:00
305,15,2022-09-10 00:00:00
306,2,2018-11-15 00:00:00
307,1,2018-10-04 00:00:00
308,19,2022-06-25 00:00:00
309,13,2022-03-13 00:00:00
310,5,2022-03-15 00:00:00
311,7,2022-02-10 00:00:00
312,1,2023-03-13 00:00:00
313,17,2023-02-05 00:00:00
314,7,2023-02-04 00:00:00
315,6,2022-11-15 00:00:00
316,5,2023-02-03 00:00:00
317,1,2023-02-14 00:00:00
318,4,2023-02-11 00:00:00
319,2,2022-08-17 00:00:00
320,10,2022-07-01 00:00:00
321,6,2020-12-20 00:00:00
322,4,2020-12-31 00:00:00
323,2,2021-01-08 00:00:00
324,48,2021-01-18 00:00:00
325,20,2019-11-29 00:00:00
326,20,2021-01-27 00:00:00
327,7,2019-09-15 00:00:00
328,9,2021-02-03 00:00:00
329,17,2020-06-03 00:00:00
330,7,2021-03-13 00:00:00
331,12,2019-12-02 00:00:00
332,8,2020-02-26 00:00:00
333,15,2019-11-15 00:00:00
334,17,2019-11-22 00:00:00
335,12,2020-09-23 00:00:00
336,30,2020-10-03 00:00:00
337,25,2020-10-10 00:00:00
338,6,2020-10-14 00:00:00
339,9,2020-01-15 00:00:00
340,12,2020-10-16 00:00:00
341,3,2020-11-27 00:00:00
342,17,2021-03-12 00:00:00
343,9,2021-03-10 00:00:00
344,15,2021-03-15 00:00:00
345,12,2021-03-24 00:00:00
346,8,2021-04-13 00:00:00
347,3,2021-04-19 00:00:00
348,16,2019-12-20 00:00:00
349,7,2021-05-11 00:00:00
350,12,2021-05-27 00:00:00
351,8,2021-06-07 00:00:00
352,6,2021-06-11 00:00:00
353,30,2021-06-20 00:00:00
354,9,2021-07-10 00:00:00
355,10,2021-07-08 00:00:00
356,6,2021-07-28 00:00:00
357,8,2021-07-09 00:00:00
358,12,2019-09-19 00:00:00
359,10,2021-08-21 00:00:00
360,9,2021-10-08 00:00:00
361,13,2019-12-19 00:00:00
362,9,2019-12-17 00:00:00
363,18,2021-09-03 00:00:00
364,25,2021-09-11 00:00:00
365,19,2021-09-17 00:00:00
366,7,2021-09-07 00:00:00
367,13,2021-10-07 00:00:00
368,7,2020-01-16 00:00:00
369,13,2021-10-01 00:00:00
370,10,2020-01-24 00:00:00
371,12,2020-01-31 00:00:00
372,9,2021-10-24 00:00:00
373,15,2021-10-30 00:00:00
374,10,2021-10-28 00:00:00
375,16,2021-10-29 00:00:00
376,7,2021-11-03 00:00:00
377,12,2020-01-26 00:00:00
378,17,2021-12-04 00:00:00
379,11,2021-12-14 00:00:00
380,9,2021-12-13 00:00:00
381,16,2021-12-15 00:00:00
382,1,2022-01-03 00:00:00
383,5,2022-02-09 00:00:00
384,12,2020-02-07 00:00:00
385,13,2020-02-06 00:00:00
386,20,2020-02-14 00:00:00
387,22,2020-02-15 00:00:00
388,10,2019-10-03 00:00:00
389,22,2019-10-06 00:00:00
390,9,2020-02-19 00:00:00
391,7,2020-02-18 00:00:00
392,13,2020-05-17 00:00:00
393,11,2020-03-15 00:00:00
394,19,2019-09-28 00:00:00
395,195,2020-03-01 00:00:00
396,10,2019-01-01 00:00:00
397,5,2019-09-24 00:00:00
398,68,2020-03-13 00:00:00
399,31,2020-04-29 00:00:00
400,69,2020-03-23 00:00:00
401,60,2020-03-24 00:00:00
402,53,2019-10-12 00:00:00
403,72,2020-03-29 00:00:00
404,11,2019-10-23 00:00:00
405,2,2019-06-23 00:00:00
406,35,2019-10-26 00:00:00
407,14,2019-09-01 00:00:00
408,36,2020-03-12 00:00:00
409,100,2020-03-14 00:00:00
410,8,2019-11-13 00:00:00
411,3,2020-09-20 00:00:00
412,91,2020-05-18 00:00:00
413,5,2022-05-30 00:00:00
414,4,2023-01-12 00:00:00
415,1,2023-03-04 00:00:00
416,6,2023-01-28 00:00:00
417,1,2023-01-13 00:00:00
418,1,2023-03-20 00:00:00
419,1,2022-11-14 00:00:00
420,32,2020-05-19 00:00:00
421,16,2020-05-26 00:00:00
422,40,2020-05-20 00:00:00
423,14,2020-05-22 00:00:00
424,9,2020-06-02 00:00:00
425,7,2020-06-16 00:00:00
426,35,2020-04-17 00:00:00
427,32,2020-04-20 00:00:00
428,53,2020-04-21 00:00:00
429,75,2020-04-14 00:00:00
430,12,2019-09-14 00:00:00
431,5,2019-10-29 00:00:00
432,3,2019-10-28 00:00:00
433,13,2019-11-01 00:00:00
434,15,2019-11-07 00:00:00
435,1,2020-06-29 00:00:00
436,9,2020-06-11 00:00:00
437,1,2020-08-05 00:00:00
438,9,2020-09-09 00:00:00
439,5,2021-03-03 00:00:00
440,24,2019-11-16 00:00:00
441,19,2019-11-27 00:00:00
442,12,2020-12-05 00:00:00
443,2,2020-12-30 00:00:00
444,2,2021-01-05 00:00:00
445,11,2021-09-23 00:00:00
446,2,2021-04-10 00:00:00
447,5,2021-04-14 00:00:00
448,14,2021-05-05 00:00:00
449,7,2021-05-12 00:00:00
450,6,2019-12-16 00:00:00
451,13,2021-05-13 00:00:00
452,10,2021-06-10 00:00:00
453,11,2021-06-22 00:00:00
454,12,2021-07-17 00:00:00
455,45,2021-06-21 00:00:00
456,21,2021-07-24 00:00:00
457,5,2021-07-31 00:00:00
458,10,2021-07-22 00:00:00
459,11,2021-08-07 00:00:00
460,6,2021-08-29 00:00:00
461,3,2021-12-29 00:00:00
462,26,2019-12-21 00:00:00
463,2,2021-09-25 12:09:00
464,10,2021-10-06 00:00:00
465,4,2021-11-08 00:00:00
466,13,2021-11-20 00:00:00
467,5,2021-12-01 00:00:00
468,7,2020-01-29 00:00:00
469,7,2022-01-06 00:00:00
470,6,2021-12-22 00:00:00
471,5,2022-01-22 00:00:00
472,3,2022-01-23 00:00:00
473,4,2021-12-27 00:00:00
474,2,2022-02-02 00:00:00
475,9,2019-10-09 00:00:00
476,5,2020-02-24 00:00:00
477,36,2020-03-10 00:00:00
478,4,2020-02-04 00:00:00
479,8,2020-02-12 00:00:00
480,5,2020-02-11 00:00:00
481,2,2019-05-16 00:00:00
482,9,2020-03-06 00:00:00
483,1,2019-06-20 00:00:00
484,13,2020-06-20 00:00:00
485,2,2020-08-03 00:00:00
486,3,2020-08-21 00:00:00
487,3,2019-09-11 00:00:00
488,3,2020-06-14 00:00:00
489,13,2019-10-24 00:00:00
490,10,2020-05-03 00:00:00
491,1,2018-11-22 00:00:00
492,7,2019-11-06 00:00:00
493,19,2020-05-29 00:00:00
494,7,2020-05-31 00:00:00
495,11,2020-05-02 00:00:00
496,26,2020-05-05 00:00:00
497,38,2020-04-26 00:00:00
498,69,2020-03-27 00:00:00
499,2,2019-03-03 00:00:00
500,4,2022-05-10 00:00:00
501,7,2022-06-29 00:00:00
502,2,2022-05-09 00:00:00
503,3,2021-04-02 00:00:00
504,15,2021-06-13 00:00:00
505,3,2021-07-19 00:00:00
506,13,2021-12-05 00:00:00
507,3,2022-01-30 00:00:00
508,28,2020-03-09 00:00:00
509,26,2020-04-19 00:00:00
510,11,2019-10-17 00:00:00
511,25,2020-05-15 00:00:00
512,19,2019-09-20 00:00:00
513,5,2020-08-28 00:00:00
514,1,2021-01-23 00:00:00
515,3,2020-06-07 00:00:00
516,1,2020-07-01 00:00:00
517,6,2020-08-11 00:00:00
518,2,2020-07-03 00:00:00
519,4,2021-08-19 00:00:00
520,1,2021-08-25 00:00:00
521,16,2021-09-04 00:00:00
522,7,2021-09-06 00:00:00
523,5,2021-09-08 00:00:00
524,4,2021-10-12 00:00:00
525,3,2021-05-24 00:00:00
526,4,2021-08-08 00:00:00
527,9,2021-07-13 00:00:00
528,24,2021-08-15 00:00:00
529,12,2021-11-11 00:00:00
530,4,2021-11-16 00:00:00
531,2,2022-01-08 00:00:00
532,3,2021-10-17 00:00:00
533,13,2021-10-21 00:00:00
534,3,2021-10-18 00:00:00
535,18,2021-11-01 00:00:00
536,5,2021-12-06 00:00:00
537,7,2021-11-04 00:00:00
538,4,2019-10-02 00:00:00
539,3,2019-09-06 00:00:00
540,1,2022-01-10 00:00:00
541,15,2019-10-20 00:00:00
542,3,2019-11-11 00:00:00
543,10,2020-09-22 00:00:00
544,3,2020-11-30 00:00:00
545,5,2020-10-20 00:00:00
546,20,2021-01-25 00:00:00
547,10,2022-03-22 00:00:00
548,6,2021-08-01 00:00:00
549,3,2021-08-10 00:00:00
550,14,2021-06-24 00:00:00
551,12,2021-06-17 00:00:00
552,3,2021-06-28 00:00:00
553,4,2021-07-04 00:00:00
554,1,2021-08-24 00:00:00
555,5,2021-08-31 00:00:00
556,4,2020-01-03 00:00:00
557,7,2021-09-19 00:00:00
558,4,2020-01-10 00:00:00
559,3,2020-06-24 00:00:00
560,1,2018-03-24 00:00:00
561,9,2019-11-02 00:00:00
562,4,2020-09-28 00:00:00
563,2,2020-12-08 00:00:00
564,4,2020-01-08 00:00:00
565,7,2020-01-28 00:00:00
566,5,2021-09-05 00:00:00
567,4,2020-01-22 00:00:00
568,5,2022-07-02 00:00:00
569,7,2022-08-02 00:00:00
570,6,2022-07-04 00:00:00
571,5,2022-07-06 00:00:00
572,6,2023-01-20 00:00:00
573,1,2019-01-24 00:00:00
574,5,2021-01-29 00:00:00
575,9,2022-11-13 00:00:00
576,7,2021-03-22 00:00:00
577,10,2022-09-01 00:00:00
578,1,2021-04-24 00:00:00
579,1,2022-03-29 00:00:00
580,1,2022-04-04 00:00:00
581,5,2022-07-26 00:00:00
582,1,2021-01-28 00:00:00
583,5,2020-12-07 00:00:00
584,2,2021-09-18 12:09:00
585,4,2022-01-25 00:00:00
586,4,2020-02-17 00:00:00
587,3,2020-03-02 00:00:00
588,1,2020-07-28 00:00:00
589,9,2020-08-10 00:00:00
590,1,2020-07-29 00:00:00
591,1,2022-03-25 12:03:00
592,4,2022-01-29 00:00:00
593,1,2021-04-05 00:00:00
594,10,2023-01-26 00:00:00
595,1,2023-03-05 00:00:00
596,3,2023-01-31 00:00:00
597,1,2019-05-10 00:00:00
598,3,2021-10-11 00:00:00
599,1,2022-01-19 12:01:00
600,1,2018-09-22 00:00:00
601,2,2020-11-23 00:00:00
602,1,2021-01-10 00:00:00
603,1,2021-01-14 00:00:00
604,1,2021-04-06 00:00:00
605,1,2017-12-07 00:00:00
606,1,2020-07-11 00:00:00
607,2,2019-12-31 00:00:00
608,1,2018-11-09 00:00:00
609,2,2020-09-29 00:00:00
610,1,2022-02-07 00:00:00
611,1,2019-10-12 23:00:00
612,1,2020-01-14 00:00:00
613,3,2020-08-13 00:00:00
614,1,2020-09-02 00:00:00
615,1,2020-10-05 00:00:00
616,2,2020-10-12 00:00:00
617,1,2020-07-14 00:00:00
618,1,2020-08-15 00:00:00
619,9,2022-06-04 00:00:00
620,1,2023-01-23 00:00:00
621,1,2022-06-17 12:06:00
622,5,2022-11-09 00:00:00
623,2,2022-08-08 00:00:00
624,2,2022-07-18 00:00:00
625,7,2022-07-22 00:00:00
626,4,2022-07-11 00:00:00
627,6,2022-07-17 00:00:00
628,54,2022-06-21 00:00:00
629,77,2022-06-17 00:00:00
630,64,2022-06-18 00:00:00
631,6,2022-05-16 00:00:00
632,33,2022-05-18 00:00:00
633,11,2022-05-20 00:00:00
634,8,2022-05-17 00:00:00
635,9,2022-06-12 00:00:00
636,7,2022-06-22 00:00:00
637,13,2022-06-30 00:00:00
638,58,2021-06-19 00:00:00
639,10,2022-06-11 00:00:00
640,15,2022-06-09 00:00:00
641,164,2022-10-09 00:00:00
642,7,2022-03-20 00:00:00
643,15,2022-10-21 00:00:00
644,88,2022-03-25 00:00:00
645,43,2022-03-14 00:00:00
646,7,2022-04-16 00:00:00
647,14,2022-04-21 00:00:00
648,9,2022-04-28 00:00:00
649,21,2021-12-16 00:00:00
650,47,2023-01-01 00:00:00
651,10,2022-12-21 00:00:00
652,63,2022-12-03 00:00:00
653,25,2022-12-15 00:00:00
654,18,2022-10-22 00:00:00
655,21,2022-04-09 00:00:00
656,17,2020-10-31 00:00:00
657,5,2020-11-11 00:00:00
658,8,2021-03-31 00:00:00
659,7,2020-10-30 00:00:00
660,3,2020-11-01 00:00:00
661,1,2020-11-18 00:00:00
662,6,2022-02-18 00:00:00
663,8,2022-02-19 00:00:00
664,20,2022-03-24 00:00:00
665,5,2020-10-29 00:00:00
666,11,2020-10-15 00:00:00
667,9,2020-11-20 00:00:00
668,11,2022-05-13 00:00:00
669,5,2020-11-10 00:00:00
670,2,2020-10-28 00:00:00
671,1,2021-01-02 00:00:00
672,8,2022-02-25 00:00:00
673,7,2022-03-03 00:00:00
674,14,2022-05-19 00:00:00
675,3,2022-09-07 00:00:00
676,6,2022-08-12 00:00:00
677,4,2022-08-28 00:00:00
678,11,2022-09-15 00:00:00
679,10,2022-09-02 00:00:00
680,9,2022-08-06 00:00:00
681,4,2022-08-25 00:00:00
682,8,2022-12-06 00:00:00
683,6,2022-11-22 00:00:00
684,17,2022-11-17 00:00:00
685,8,2022-09-18 00:00:00
686,2,2022-09-21 00:00:00
687,8,2022-12-07 00:00:00
688,4,2021-01-26 00:00:00
689,10,2021-02-05 00:00:00
690,734,2019-09-21 00:00:00
691,10,2021-02-15 00:00:00
692,4,2021-02-14 00:00:00
693,6,2021-02-19 00:00:00
694,9,2021-02-22 00:00:00
695,10,2021-02-26 00:00:00
696,1,2018-05-15 00:00:00
697,19,2022-10-29 00:00:00
698,21,2022-09-23 00:00:00
699,8,2022-10-26 00:00:00
700,27,2022-12-04 00:00:00
701,10,2022-11-10 00:00:00
702,13,2022-09-16 00:00:00
703,4,2022-11-04 00:00:00
704,4,2022-11-16 00:00:00
705,17,2022-09-22 00:00:00
706,8,2022-05-31 00:00:00
707,16,2022-09-03 00:00:00
708,8,2022-04-10 00:00:00
709,8,2022-12-13 00:00:00
710,1,2022-08-29 00:00:00
711,3,2022-08-30 00:00:00
712,5,2022-12-12 00:00:00
713,5,2022-09-06 00:00:00
714,5,2022-10-12 00:00:00
715,3,2022-09-20 00:00:00
716,5,2023-02-01 00:00:00
717,9,2022-04-27 00:00:00
718,1,2023-02-06 00:00:00
719,10,2023-02-02 00:00:00
720,1,2023-02-09 00:00:00
721,2,2023-01-14 00:00:00
722,1,2023-02-24 00:00:00
723,2,2022-03-09 00:00:00
724,8,2022-05-04 00:00:00
725,14,2022-06-02 00:00:00
726,19,2022-06-05 00:00:00
727,12,2022-04-22 00:00:00
728,11,2022-07-29 00:00:00
729,23,2022-07-16 00:00:00
730,4,2020-12-16 00:00:00
731,7,2020-12-15 00:00:00
732,5,2020-12-21 00:00:00
733,5,2020-12-28 00:00:00
734,3,2021-02-11 00:00:00
735,7,2021-02-17 00:00:00
736,6,2021-02-24 00:00:00
737,16,2021-02-18 00:00:00
738,266,2020-09-27 00:00:00
739,1,2020-07-25 00:00:00
740,9,2019-11-24 00:00:00
741,39,2019-11-30 00:00:00
742,3,2019-09-10 00:00:00
743,14,2019-12-04 00:00:00
744,5,2020-11-17 00:00:00
745,2,2020-11-28 00:00:00
746,8,2021-03-16 00:00:00
747,1,2021-03-07 00:00:00
748,18,2021-03-17 00:00:00
749,3,2021-01-06 00:00:00
750,21,2019-12-12 00:00:00
751,9,2021-05-18 00:00:00
752,15,2021-05-15 00:00:00
753,12,2021-05-20 00:00:00
754,7,2021-05-29 00:00:00
755,13,2021-04-30 00:00:00
756,8,2021-05-26 00:00:00
757,7,2021-06-05 00:00:00
758,3,2021-06-15 00:00:00
759,10,2021-06-29 00:00:00
760,10,2021-06-16 00:00:00
761,5,2021-06-14 00:00:00
762,171,2021-07-03 00:00:00
763,8,2021-08-12 00:00:00
764,11,2021-07-06 00:00:00
765,18,2021-10-22 00:00:00
766,5,2021-07-11 00:00:00
767,38,2019-12-14 00:00:00
768,7,2021-08-06 00:00:00
769,23,2019-12-18 00:00:00
770,868,2021-09-25 00:00:00
771,7,2021-08-22 00:00:00
772,3,2021-08-30 00:00:00
773,7,2021-08-27 00:00:00
774,7,2021-09-01 00:00:00
775,7,2021-09-15 00:00:00
776,8,2021-09-16 00:00:00
777,12,2021-09-14 00:00:00
778,44,2019-12-01 00:00:00
779,3,2021-09-28 00:00:00
780,6,2020-01-21 00:00:00
781,28,2021-10-09 00:00:00
782,14,2020-01-18 00:00:00
783,3,2021-10-05 00:00:00
784,11,2021-10-27 00:00:00
785,12,2021-12-09 00:00:00
786,6,2021-09-29 00:00:00
787,17,2021-11-25 00:00:00
788,2,2021-11-22 00:00:00
789,6,2021-11-30 00:00:00
790,15,2021-11-26 00:00:00
791,11,2021-11-28 00:00:00
792,10,2021-12-08 00:00:00
793,14,2021-12-17 00:00:00
794,6,2022-01-02 00:00:00
795,1,2022-01-19 00:00:00
796,4,2022-02-03 00:00:00
797,20,2020-02-02 00:00:00
798,15,2019-09-26 00:00:00
799,8,2020-02-13 00:00:00
800,10,2020-02-16 00:00:00
801,20,2020-02-22 00:00:00
802,33,2020-04-05 00:00:00
803,14,2020-03-05 00:00:00
804,72,2020-03-20 00:00:00
805,9,2021-11-18 00:00:00
806,54,2020-03-21 00:00:00
807,23,2020-03-11 00:00:00
808,19,2019-10-11 00:00:00
809,17,2019-10-25 00:00:00
810,14,2019-11-08 00:00:00
811,16,2019-10-10 00:00:00
812,65,2020-04-02 00:00:00
813,1,2019-10-11 01:00:00
814,1,2015-12-10 00:00:00
815,2,2019-06-13 00:00:00
816,12,2019-11-10 00:00:00
817,65,2019-12-03 00:00:00
818,24,2019-12-08 00:00:00
819,24,2020-05-10 00:00:00
820,19,2020-02-29 00:00:00
821,17,2019-09-29 00:00:00
822,65,2020-03-16 00:00:00
823,17,2020-09-04 00:00:00
824,14,2020-09-12 00:00:00
825,4,2020-09-13 00:00:00
826,13,2019-09-12 00:00:00
827,9,2019-10-15 00:00:00
828,1,2019-05-20 00:00:00
829,1,2014-02-27 00:00:00
830,5,2020-01-09 00:00:00
831,2,2020-08-25 00:00:00
832,1,2022-09-12 00:00:00
833,1,2015-04-12 00:00:00
834,4,2020-09-30 00:00:00
835,1,2020-08-04 00:00:00
836,1,2020-08-22 00:00:00
837,1,2020-11-09 00:00:00
838,2,2021-01-11 00:00:00
839,1,2019-04-03 00:00:00
840,1,2017-09-23 00:00:00
841,1,2020-07-27 00:00:00
842,1,2020-07-24 00:00:00
843,1,2020-07-10 00:00:00
844,1,2020-07-06 00:00:00
845,1,2020-06-30 00:00:00
846,1,2018-10-13 00:00:00
847,1,2019-08-23 00:00:00
848,2,2023-01-22 00:00:00
849,3,2022-11-07 00:00:00
850,2,2022-03-02 00:00:00
851,2,2022-12-29 00:00:00
852,1,2023-01-17 00:00:00
853,2,2023-01-18 00:00:00
854,2,2023-01-29 00:00:00
855,14,2019-09-27 00:00:00
856,52,2020-03-19 00:00:00
857,9,2020-02-23 00:00:00
858,10,2020-02-20 00:00:00
859,11,2020-03-03 00:00:00
860,2,2019-05-08 00:00:00
861,237,2019-09-22 00:00:00
862,231,2019-10-13 00:00:00
863,242,2020-03-25 00:00:00
864,14,2019-10-04 00:00:00
865,50,2020-03-30 00:00:00
866,93,2020-04-01 00:00:00
867,65,2020-04-06 00:00:00
868,17,2019-10-05 00:00:00
869,21,2019-10-19 00:00:00
870,17,2019-10-18 00:00:00
871,16,2020-01-25 00:00:00
872,18,2019-10-16 00:00:00
873,62,2020-03-17 00:00:00
874,53,2020-03-18 00:00:00
875,29,2019-11-23 00:00:00
876,9,2020-09-17 00:00:00
877,11,2020-09-19 00:00:00
878,87,2020-04-07 00:00:00
879,61,2020-04-10 00:00:00
880,50,2020-04-15 00:00:00
881,16,2020-05-16 00:00:00
882,16,2020-05-28 00:00:00
883,123,2020-03-08 00:00:00
884,2,2019-09-05 00:00:00
885,31,2020-05-04 00:00:00
886,27,2020-05-08 00:00:00
887,36,2020-05-11 00:00:00
888,43,2020-05-13 00:00:00
889,29,2019-10-31 00:00:00
890,17,2020-05-25 00:00:00
891,19,2020-06-08 00:00:00
892,6,2020-06-15 00:00:00
893,4,2020-07-31 00:00:00
894,5,2020-08-07 00:00:00
895,6,2020-08-29 00:00:00
896,4,2020-08-12 00:00:00
897,14,2020-09-18 00:00:00
898,7,2022-03-31 00:00:00
899,9,2019-12-27 00:00:00
900,12,2020-10-08 00:00:00
901,8,2020-10-06 00:00:00
902,7,2020-12-17 00:00:00
903,3,2021-01-13 00:00:00
904,2,2021-03-15 12:03:00
905,3,2021-04-11 00:00:00
906,4,2021-04-16 00:00:00
907,4,2021-04-21 00:00:00
908,9,2021-05-21 00:00:00
909,9,2021-05-01 00:00:00
910,7,2020-10-21 00:00:00
911,15,2021-06-09 00:00:00
912,15,2021-06-25 00:00:00
913,14,2019-12-11 00:00:00
914,5,2021-07-12 00:00:00
915,4,2019-12-23 00:00:00
916,16,2021-10-02 00:00:00
917,14,2021-10-03 00:00:00
918,12,2021-10-23 00:00:00
919,14,2020-01-11 00:00:00
920,10,2020-01-12 00:00:00
921,6,2021-09-30 00:00:00
922,13,2021-10-16 00:00:00
923,12,2021-10-31 00:00:00
924,8,2021-10-25 00:00:00
925,4,2021-11-10 00:00:00
926,7,2021-11-24 00:00:00
927,10,2021-11-21 00:00:00
928,15,2021-12-10 00:00:00
929,14,2021-12-11 00:00:00
930,21,2021-12-18 00:00:00
931,9,2021-12-12 00:00:00
932,14,2021-12-19 00:00:00
933,3,2022-02-06 00:00:00
934,4,2022-01-13 00:00:00
935,2,2022-01-28 00:00:00
936,4,2022-02-04 00:00:00
937,1,2019-08-07 00:00:00
938,14,2020-01-30 00:00:00
939,8,2020-01-01 00:00:00
940,7,2020-02-09 00:00:00
941,20,2020-02-08 00:00:00
942,1,2019-05-13 00:00:00
943,7,2020-02-05 00:00:00
944,9,2020-03-07 00:00:00
945,1,2019-05-22 00:00:00
946,1,2019-05-29 00:00:00
947,1,2019-05-30 00:00:00
948,2,2019-06-01 00:00:00
949,2,2020-06-23 00:00:00
950,2,2020-06-22 00:00:00
951,1,2020-07-30 00:00:00
952,7,2020-09-03 00:00:00
953,15,2019-11-17 00:00:00
954,6,2020-08-01 00:00:00
955,5,2019-10-14 00:00:00
956,51,2020-04-08 00:00:00
957,9,2020-09-05 00:00:00
958,32,2020-04-24 00:00:00
959,6,2019-09-07 00:00:00
960,26,2020-05-14 00:00:00
961,6,2020-05-24 00:00:00
962,11,2020-06-04 00:00:00
963,6,2020-06-06 00:00:00
964,16,2020-06-01 00:00:00
965,17,2020-04-11 00:00:00
966,12,2022-06-03 00:00:00
967,5,2021-04-09 00:00:00
968,11,2021-04-29 00:00:00
969,5,2021-06-08 00:00:00
970,8,2021-07-01 00:00:00
971,4,2021-07-20 00:00:00
972,7,2021-08-13 00:00:00
973,8,2020-01-06 00:00:00
974,10,2021-11-07 00:00:00
975,10,2021-11-14 00:00:00
976,45,2020-03-22 00:00:00
977,54,2020-04-03 00:00:00
978,15,2020-04-12 00:00:00
979,1,2020-07-23 00:00:00
980,2,2020-08-24 00:00:00
981,5,2021-08-23 00:00:00
982,15,2019-12-24 00:00:00
983,6,2021-09-12 00:00:00
984,2,2021-04-15 00:00:00
985,8,2021-05-06 00:00:00
986,7,2021-05-10 00:00:00
987,8,2021-05-19 00:00:00
988,5,2021-05-31 00:00:00
989,5,2021-06-06 00:00:00
990,3,2021-06-27 00:00:00
991,6,2021-06-23 00:00:00
992,6,2021-07-25 00:00:00
993,2,2021-07-05 00:00:00
994,4,2021-07-27 00:00:00
995,12,2020-01-23 00:00:00
996,2,2022-01-04 00:00:00
997,1,2022-01-16 00:00:00
998,5,2022-01-26 00:00:00
999,4,2021-10-20 00:00:00
1000,7,2021-11-06 00:00:00
1001,11,2020-03-04 00:00:00
1002,2,2019-10-07 00:00:00
1003,6,2020-02-25 00:00:00
1004,12,2020-09-16 00:00:00
1005,3,2020-11-26 00:00:00
1006,7,2020-12-14 00:00:00
1007,10,2021-02-08 00:00:00
1008,1,2022-04-18 12:04:00
1009,5,2021-07-30 00:00:00
1010,201,2021-08-14 00:00:00
1011,5,2021-06-02 00:00:00
1012,8,2021-07-14 00:00:00
1013,4,2021-11-05 00:00:00
1014,1,2019-03-13 00:00:00
1015,5,2019-10-01 00:00:00
1016,4,2019-09-08 00:00:00
1017,4,2019-12-29 00:00:00
1018,3,2021-03-06 00:00:00
1019,3,2020-12-13 00:00:00
1020,1,2015-05-19 00:00:00
1021,9,2021-10-14 00:00:00
1022,2,2021-10-26 00:00:00
1023,13,2022-11-12 00:00:00
1024,2,2022-10-10 00:00:00
1025,1,2021-01-09 00:00:00
1026,1,2020-09-27 12:09:00
1027,9,2022-06-28 00:00:00
1028,4,2022-07-05 00:00:00
1029,6,2022-08-18 00:00:00
1030,2,2022-08-21 00:00:00
1031,23,2022-08-14 00:00:00
1032,8,2022-06-26 00:00:00
1033,5,2023-01-10 00:00:00
1034,4,2021-03-21 00:00:00
1035,1,2021-08-17 00:00:00
1036,2,2023-01-06 00:00:00
1037,5,2022-08-09 00:00:00
1038,2,2020-01-13 00:00:00
1039,2,2021-02-13 00:00:00
1040,11,2021-01-30 00:00:00
1041,1,2021-02-07 00:00:00
1042,6,2021-02-04 00:00:00
1043,1,2021-12-26 00:00:00
1044,4,2020-01-02 00:00:00
1045,4,2019-09-30 00:00:00
1046,1,2020-08-26 00:00:00
1047,3,2022-06-06 00:00:00
1048,6,2021-07-07 00:00:00
1049,3,2021-08-02 00:00:00
1050,1,2019-04-06 00:00:00
1051,2,2021-11-02 00:00:00
1052,2,2022-02-21 00:00:00
1053,1,2021-01-24 00:00:00
1054,4,2023-01-19 00:00:00
1055,1,2019-02-17 00:00:00
1056,1,2020-11-22 00:00:00
1057,1,2020-08-17 00:00:00
1058,1,2021-01-03 00:00:00
1059,10,2022-07-23 00:00:00
1060,3,2022-07-21 00:00:00
1061,17,2022-07-19 00:00:00
1062,10,2022-07-20 00:00:00
1063,4,2022-07-13 00:00:00
1064,9,2022-07-15 00:00:00
1065,3,2022-07-12 00:00:00
1066,14,2022-07-07 00:00:00
1067,6,2022-07-08 00:00:00
1068,875,2022-09-24 00:00:00
1069,224,2022-04-17 00:00:00
1070,11,2022-05-06 00:00:00
1071,16,2022-05-05 00:00:00
1072,22,2022-05-21 00:00:00
1073,221,2022-05-14 00:00:00
1074,26,2022-05-01 00:00:00
1075,11,2022-05-22 00:00:00
1076,18,2022-05-28 00:00:00
1077,9,2022-05-25 00:00:00
1078,9,2022-05-24 00:00:00
1079,14,2022-06-24 00:00:00
1080,10,2022-06-08 00:00:00
1081,27,2022-10-08 00:00:00
1082,12,2022-10-06 00:00:00
1083,9,2022-09-27 00:00:00
1084,7,2022-10-04 00:00:00
1085,9,2022-03-30 00:00:00
1086,19,2022-10-15 00:00:00
1087,8,2022-10-11 00:00:00
1088,6,2022-06-01 00:00:00
1089,9,2022-04-03 00:00:00
1090,12,2022-04-30 00:00:00
1091,12,2022-04-29 00:00:00
1092,4,2022-04-26 00:00:00
1093,8,2022-04-02 00:00:00
1094,7,2022-04-06 00:00:00
1095,3,2022-02-28 00:00:00
1096,8,2022-02-17 00:00:00
1097,17,2022-02-14 00:00:00
1098,9,2022-04-14 00:00:00
1099,14,2022-12-18 00:00:00
1100,10,2022-12-22 00:00:00
1101,19,2022-12-16 00:00:00
1102,18,2022-12-17 00:00:00
1103,37,2022-08-13 00:00:00
1104,16,2022-11-01 00:00:00
1105,8,2022-11-20 00:00:00
1106,14,2022-10-30 00:00:00
1107,1,2020-11-08 00:00:00
1108,20,2022-04-08 00:00:00
1109,3,2020-11-07 00:00:00
1110,8,2020-11-14 00:00:00
1111,4,2022-02-24 00:00:00
1112,2,2020-11-12 00:00:00
1113,2,2020-11-03 00:00:00
1114,8,2020-11-13 00:00:00
1115,4,2022-03-04 00:00:00
1116,9,2022-02-12 00:00:00
1117,10,2021-11-19 00:00:00
1118,14,2022-03-19 00:00:00
1119,15,2022-05-12 00:00:00
1120,15,2022-03-05 00:00:00
1121,4,2022-03-16 00:00:00
1122,7,2022-03-21 00:00:00
1123,11,2022-03-11 00:00:00
1124,65,2022-03-08 00:00:00
1125,12,2022-06-07 00:00:00
1126,3,2022-08-11 00:00:00
1127,14,2022-10-07 00:00:00
1128,3,2022-12-23 00:00:00
1129,10,2022-11-24 00:00:00
1130,18,2022-11-25 00:00:00
1131,9,2022-11-27 00:00:00
1132,5,2022-04-11 00:00:00
1133,5,2022-04-24 00:00:00
1134,11,2022-04-12 00:00:00
1135,10,2022-10-03 00:00:00
1136,10,2022-12-11 00:00:00
1137,3,2022-12-09 00:00:00
1138,3,2022-12-10 00:00:00
1139,4,2021-01-19 00:00:00
1140,6,2021-01-20 00:00:00
1141,30,2021-02-02 00:00:00
1142,6,2021-02-12 00:00:00
1143,2,2021-02-06 00:00:00
1144,11,2021-02-10 00:00:00
1145,8,2021-03-01 00:00:00
1146,1,2018-03-21 00:00:00
1147,13,2022-10-20 00:00:00
1148,16,2022-10-28 00:00:00
1149,18,2022-10-31 00:00:00
1150,12,2022-11-30 00:00:00
1151,14,2022-11-19 00:00:00
1152,3,2022-03-07 00:00:00
1153,2,2022-08-23 00:00:00
1154,12,2021-12-21 00:00:00
1155,10,2022-03-27 00:00:00
1156,2,2022-08-26 00:00:00
1157,3,2022-12-27 00:00:00
1158,3,2022-12-28 00:00:00
1159,6,2022-11-08 00:00:00
1160,2,2022-11-23 00:00:00
1161,6,2022-09-08 00:00:00
1162,4,2022-10-18 00:00:00
1163,8,2022-10-05 00:00:00
1164,2,2022-10-17 00:00:00
1165,11,2022-03-12 00:00:00
1166,18,2022-06-23 00:00:00
1167,5,2022-02-27 00:00:00
1168,6,2021-11-23 00:00:00
1169,4,2022-01-18 00:00:00
1170,11,2022-03-18 00:00:00
1171,1,2023-02-16 00:00:00
1172,13,2022-11-18 00:00:00
1173,2,2023-01-15 00:00:00
1174,3,2023-02-07 00:00:00
1175,26,2023-01-27 00:00:00
1176,1,2013-02-05 00:00:00
1177,1,2023-02-12 00:00:00
1178,1,2023-02-18 00:00:00
1179,5,2022-05-02 00:00:00
1180,7,2022-03-01 00:00:00
1181,3,2022-04-19 00:00:00
1182,7,2022-07-30 00:00:00
1183,5,2020-12-10 00:00:00
1184,6,2020-12-18 00:00:00
1185,5,2020-12-19 00:00:00
1186,4,2020-12-22 00:00:00
1187,2,2020-12-23 00:00:00
1188,4,2021-01-15 00:00:00
1189,4,2021-01-12 00:00:00
1190,9,2021-05-07 00:00:00
1191,6,2021-01-01 00:00:00
1192,25,2019-12-06 00:00:00
1193,7,2020-02-27 00:00:00
1194,15,2019-11-14 00:00:00
1195,15,2019-11-20 00:00:00
1196,19,2020-09-25 00:00:00
1197,21,2019-11-21 00:00:00
1198,6,2019-11-19 00:00:00
1199,8,2020-09-24 00:00:00
1200,13,2019-11-26 00:00:00
1201,19,2020-10-24 00:00:00
1202,7,2020-11-25 00:00:00
1203,3,2020-12-12 00:00:00
1204,5,2020-12-01 00:00:00
1205,10,2020-12-02 00:00:00
1206,3,2020-12-11 00:00:00
1207,5,2020-12-09 00:00:00
1208,88,2021-03-14 00:00:00
1209,231,2021-03-25 00:00:00
1210,7,2021-02-23 00:00:00
1211,5,2021-03-19 00:00:00
1212,13,2021-03-11 00:00:00
1213,3,2021-03-27 00:00:00
1214,7,2021-03-26 00:00:00
1215,9,2021-03-23 00:00:00
1216,24,2019-11-03 00:00:00
1217,6,2021-04-07 00:00:00
1218,4,2021-04-20 00:00:00
1219,3,2021-04-23 00:00:00
1220,6,2021-04-28 00:00:00
1221,17,2021-04-27 00:00:00
1222,7,2021-05-16 00:00:00
1223,3,2021-05-17 00:00:00
1224,12,2019-12-13 00:00:00
1225,10,2021-05-22 00:00:00
1226,4,2021-05-25 00:00:00
1227,24,2021-06-04 00:00:00
1228,6,2021-05-04 00:00:00
1229,50,2021-06-18 00:00:00
1230,38,2019-12-07 00:00:00
1231,14,2021-07-02 00:00:00
1232,14,2021-06-26 00:00:00
1233,10,2021-07-21 00:00:00
1234,14,2021-08-28 00:00:00
1235,15,2019-12-28 00:00:00
1236,22,2020-01-05 00:00:00
1237,5,2021-08-11 00:00:00
1238,21,2019-12-15 00:00:00
1239,261,2021-09-26 00:00:00
1240,13,2021-09-18 00:00:00
1241,13,2021-09-10 00:00:00
1242,10,2019-12-10 00:00:00
1243,8,2021-09-02 00:00:00
1244,12,2021-09-09 00:00:00
1245,6,2021-09-21 00:00:00
1246,5,2019-09-23 00:00:00
1247,11,2019-12-22 00:00:00
1248,11,2021-10-15 00:00:00
1249,7,2020-01-17 00:00:00
1250,22,2021-09-24 00:00:00
1251,184,2021-10-10 00:00:00
1252,21,2021-11-13 00:00:00
1253,4,2021-09-27 00:00:00
1254,5,2021-11-09 00:00:00
1255,50,2021-12-03 00:00:00
1256,3,2021-12-24 00:00:00
1257,11,2021-12-07 00:00:00
1258,28,2022-01-27 00:00:00
1259,6,2022-02-05 00:00:00
1260,4,2020-02-03 00:00:00
1261,11,2020-02-21 00:00:00
1262,5,2020-02-28 00:00:00
